concluded_on,video_id,winner,win_margin,winner_title,loser_title,notes
2026-04-27,,A_seo,0.677,Calm Your Mind | Veena Healing Music | 1 hour,Feeling Lost? | Veena & 7.83Hz Schumann Resonance | 1 Hour Calming Music,67.7% vs 32.3% watch-time share over ~23h. SHORTER title (41 chars) beat longer (80 chars). 2nd consistent SEO-led win after Apr-25 test. Insight: dropping middle-slot Hz/Schumann stuffing increased clicks. Validates user hypothesis that lean SEO titles outperform stuffed in calm/healing niche.
2026-05-03,m6aFcw2f58o,A_seo,0.515,Deep Rest Music | Find Stillness with Surbahar | 1 Hour,Unwind After Work | Soothing Music | Surbahar,DEEP REST lane. 51.5% vs 48.5% (Apr 28-May 3). Thumb: NEED REST? (Q) marginally beat RESTORE YOUR ENERGY (outcome). Directional: specific-question thumb edges generic-outcome thumb. Test had 174Hz Solfeggio sub-text on both.
2026-05-04,Z6dZjnUzNXQ,A_seo,0.506,Release Stress | Burnout Music | Santoor & 528Hz,Comfort Music | Santoor Raga Desh | 1 Hour,BURNOUT/STRESS lane. 50.6% vs 49.4% (Apr 29-May 4). Both thumbs were questions (OVERWHELMED? vs HARD DAY?) so thumb-format not isolated. Title-led: Stress + Burnout SEO beat Comfort SEO marginally.
2026-05-06,FsYTGhdm2uM,B_seo,0.51,Breathing Music | Veena Instrumental | 1 Hour Calm Session,Breathe And Relax | Slow Down Music | Veena Instrumental,ANXIETY/CALM lane. 51% vs 49% (May 2-6). Tied. Both outcome thumbs (RELIEF FROM A BUSY DAY vs LET YOURSELF REST). Directional: 'Breathing Music' SEO beat 'Breathe And Relax' phrase-style by tiny margin.
2026-05-07,O2Z_XApzvYc,A_seo,0.732,Instant focus music | Sitar Instrumental | 1 hour,Need Energy Reset? | Clear Your Head with Sitar | 1hour,"FOCUS lane. ⭐ DECISIVE 73.2% vs 26.8% (2.7x, May 2-7). Thumb: BOOST YOUR FOCUS (outcome-imperative) ANNIHILATED NEED ENERGY RESET? (Q). Combined with Test 6 (Test 4 Comfort Sarangi tied), this is the strongest signal: Focus lane wants outcome-imperative thumb + SEO title; question hooks decisively lose here."
2026-05-08,P-DIkbxipB8,tie,0.501,Feeling Heavy? | Comfort Music with Sarangi | 1 Hour,Comfort Music | Healing Music with Sarangi | 1 Hour,COMFORT/EMOTIONAL lane. Pure tie 50.1% vs 49.9% (May 4-8). Thumbs: FEEL CALM (B) vs BUSY MIND? (A) - also tied. Lane interpretation: structural format barely matters; content quality dominates.
2026-05-08,52YU6Q64zVw,tie,0.348,Nervous System Cooldown | Sitar Therapy for Immediate Relief,Sitar for Nervous System Healing | Indian Classical Music for Calmness | 1 Hour,"HEALING lane. 3-way title-only test (May 5-8): A=32.6% (Healing), B=32.6% (Cooldown), C=34.8% (Therapy for Immediate Relief). All near-tied. ⭐ Validates Instrument-for-Outcome format - works regardless of specific outcome noun (Healing/Cooldown/Therapy ~equivalent). YT promoted A even though C slightly led."
2026-05-09,Y6Ob2P34DHA,B_seo,0.533,Meditation Music for Overthinking | Clear your mind instantly | 1 hour,Overthinking Music | Healing with Bamboo Flute & Tanpura | 1 Hour,"OVERTHINKING/ANXIETY lane. B led 53.3% vs 46.7% (May 3-9), YT called it inconclusive. Thumb: TOO MANY THOUGHTS? (specific-Q) beat THINK LESS (generic outcome) marginally. Directional: lead with higher-VidIQ kw ('Meditation Music' 80 beat 'Overthinking Music' 67); specific-state question thumb edges generic-imperative thumb."
2026-05-12,v_2026-05-11_cortisol_reset_sitar,running_A,0.515,Calm Music | Sitar for Cortisol Reset | 1.5 hours healing,Sitar Healing Music | Calm Your Stress | Find Stillness in 1.5 Hours,"STRESS/RESET lane TITLE-ONLY (both thumbs FIND STILLNESS). 51.5% vs 48.5%, ~14d remaining. A=clinical 'Cortisol Reset' lead edging B=SEO 'Sitar Healing Music' lead. Close — within noise. Pattern: clinical-curiosity leads marginally hold in stress lane."
2026-05-12,v_2026-05-06_nostalgia_sarangi,running_A,0.521,Nostalgia Music | Healing Music with Sarangi | 1.5 Hour,Sarangi Instrumental Music | Go Back In Time | 1.5 Hour Session,"HEALING/NOSTALGIA lane TITLE+THUMB. 52.1% vs 47.9%. A: 'Nostalgia Music' SEO descriptor + EMOTIONAL HEALING thumb. B: instrument-first + 'Go Back In Time' phrase + HEAL YOUR HEART imperative thumb. A leading. Pattern: SEO descriptor lead + abstract noun thumb (EMOTIONAL HEALING) beats instrument-led + poetic-phrase + imperative thumb."
2026-05-12,v_2026-05-09_burnout_recovery_surbahar,running_A,0.514,Burnout Recovery | Vagus Nerve Reset with Surbahar | 1 Hour,Music for Burnout | Find Calmness with Surbahar | 1 Hour,"BURNOUT lane TITLE+THUMB. 51.4% vs 48.6%. A: clinical 'Burnout Recovery + Vagus Nerve Reset' + outcome-statement thumb (REST. RESET. RECOVER.). B: SEO 'Music for Burnout' + Q-hook thumb (BURNOUT?). A leading marginally. Pattern reinforces May 4 Santoor finding: clinical leads marginally hold in burnout lane. Also: outcome-statement thumb edges Q-hook thumb."
2026-05-12,DMcoOLvmAyQ,B_lifestyle,0.586,Morning Energy Music | Dilruba Raga Yaman | 1 Hour,Breathing Exercise Music | Dilruba Raga Yaman | Alpha Wave Calm Session,"⭐⭐ MORNING/PRACTICE lane TITLE+THUMB. DECISIVE 58.6% vs 41.4% (17.2pp gap). B: 'Morning Energy Music' lifestyle + CALM MORNING VIBES thumb. A: 'Breathing Exercise Music' practice/utility + MORNING PEACE thumb. ⭐ Biggest single-test signal post-pivot: lifestyle/mood lead CRUSHES practice/utility lead in morning slot. Also: vibes thumb > affect thumb."
2026-05-11,QNmoY_K5MxI,tie_B,0.502,Bansuri for Sound Sleep | Deep Sleep Music | 1 Hour,Deep Sleep | Relaxing Music with Bansuri | 1 Hour,"SLEEP lane TITLE+THUMB CONCLUDED (May 7-11). PRACTICAL TIE 50.2% vs 49.8% (0.4pp). B: instrument-for-outcome 'Bansuri for Sound Sleep' + FALL ASLEEP FAST thumb. A: minimal-3-slot 'Deep Sleep | Relaxing Music' + SLEEP WITHOUT STRESS thumb. ⭐ Sleep lane is format-tolerant: instrument-for-outcome ties with descriptor-led. Outcome word 'Deep Sleep' is what magnetizes regardless of structure. YT promoted A despite tie."
2026-05-05,,A_qhook,0.552,Relaxation Music | Bansuri Raga & 432Hz Evening Session | 1 Hour,Relaxation Music | Bansuri Raga & 432Hz Evening Session | 1 Hour,"RELAXATION/EVENING lane THUMB-ONLY (Apr 27-May 5, identical titles). 55.2% vs 44.8% (10.4pp). A: STRESSED? Q-hook thumb. B: RELAX DEEPLY outcome-imperative thumb. ⭐ Q-hook thumb decisively beats outcome-imperative thumb in relaxation/evening lane. Combined with Test 6 (Focus lane: outcome-imperative WINS 73/27) shows lane-specific thumb rules: anxiety/relaxation = Q-hook wins; focus = outcome-imperative wins. Reinforces specific-state Q-thumbs for anxiety/calm lanes."
2026-05-14,v_2026-05-13_sleep_tanpura,B_seo,0.549,Insomnia Relief Music | Tanpura Drone | 1.5 Hours,Sound Sleep | Relaxing Music with Tanpura | 1.5 Hours,"⭐⭐ SLEEP lane TITLE+THUMB CONCLUDED EARLY (May 13-14, user stopped at ~26h). DECISIVE 54.9% vs 45.1% (9.8pp). B: 'Insomnia Relief Music' fresh-clinical SEO + DRIFT TO SLEEP outcome-imperative thumb. A: 'Sound Sleep' sleep-outcome SEO + DEEPLY DRAINED? Q-hook thumb. TWO MAJOR FINDINGS: (1) 'Insomnia Relief Music' (63 VidIQ, fresh clinical) BEATS 'Sound Sleep' (sleep-outcome word) as lead — fresh clinical-state lead is the sleep magnet, NOT sleep-outcome word as previously believed from Test 10 (which was a tie). (2) Outcome-imperative thumb 'DRIFT TO SLEEP' beats Q-hook 'DEEPLY DRAINED?' in sleep lane — overturns assumption that Q-hooks win in all calm/anxiety lanes. Sleep lane behaves more like focus lane (action-imperative wins) than relaxation lane (Q-hook wins). DIRECT IMPACT on Fri May 22 Bansuri Deep Sleep brief: promote 'Insomnia Relief Music' from Variant B to Variant A; keep DRIFT TO SLEEP thumb."
2026-05-15,v_2026-05-13_brain_fog_sarod,running_B,0.632,Mental Clarity Music | Slow Sarod | Brain Fog Reset,Can't Think Clearly? | Sarod for Mental Reset | 1.5 Hours,"⭐⭐ COGNITIVE-CLARITY lane TITLE+THUMB RUNNING (started May 15). DECISIVE 63.2% vs 36.8% (26.4pp gap — biggest so far). B (winning): 'Mental Clarity Music' SEO lead + MENTALLY EXHAUSTED? Q-hook thumb. A (losing): 'Can't Think Clearly?' Q-hook title lead + RESET YOUR THOUGHTS statement thumb. ⭐ TWO STACKED FINDINGS: (1) SEO-led title CRUSHES Q-hook title — extends Channel Truth 5 from anxiety lane to cognitive-clarity lane (Q-hook as TITLE LEAD = death across both lanes). (2) Q-hook THUMB beats statement THUMB in cognitive-clarity lane — extends Test 15 (anxiety/relaxation Q-hook win) into cognitive-clarity lane. Combined rule: Q-hook BELONGS IN THUMB not title. Title leads with SEO, thumb hooks with Q. DIRECT IMPACT on Tue May 19 Brain Detox Sitar brief: confirms 'Mental Clarity Music'-pattern leads work in brain-detox space; thumb decision validated."
2026-05-30,v_2026-05-16_morning_motivation_sitar,running_A,0.591,Morning Motivation | Sitar Music Instrumental | 1.5 Hours,Day Start Music | Calming Sitar for a Positive Day | 1.5 Hours,"MORNING/MOTIVATION lane TITLE+THUMB RUNNING (started ~May 16, 13d 13h remaining). 59.1% vs 40.9% (18.2pp gap — decisive). A (winning): 'Morning Motivation' lifestyle SEO lead + START YOUR DAY STRONG outcome-imperative thumb. B (losing): 'Day Start Music' lifestyle SEO lead + FEELING UNMOTIVATED? Q-hook thumb. ⭐ TWO FINDINGS: (1) 'Morning Motivation' (high-VidIQ) beats 'Day Start Music' (fresh, lower VidIQ) as morning lifestyle lead — higher VidIQ wins within same lifestyle category. (2) Outcome-imperative thumb 'START YOUR DAY STRONG' beats Q-hook 'FEELING UNMOTIVATED?' in morning lane — confirms morning lane behaves like focus lane (action-imperative wins), opposite of anxiety/cognitive-clarity (Q-hook wins). LANE-SPECIFIC THUMB RULES NOW CLEAR: Morning + Focus = outcome-imperative thumb; Anxiety + Cognitive-Clarity + Relaxation + Rest = Q-hook thumb; Sleep = outcome-imperative thumb (per Test 16)."
