phrase,slot,vidiq_score,vidiq_comp,source,first_added,last_score_check
stress relief music,problem,77,Low,KEYWORD_DATA.md migration (Meditation Relax Music (2.78M,2026-04-25,2026-04-25
sleep music,problem,75,Medium,KEYWORD_DATA.md migration (Soothing Relaxation,2026-04-25,2026-04-25
acoustic guitar instrumental,tag,71,Low,KEYWORD_DATA.md migration (Ryini Beats,2026-04-25,2026-04-25
adhd focus music,problem,70,Medium,KEYWORD_DATA.md migration (ADHD Focus Club,2026-04-25,2026-04-25
anxiety relief music,problem,70,Low,KEYWORD_DATA.md migration (Meditation Relax Music,2026-04-25,2026-04-25
brain fog,problem,70,,chat-2026-04-25 vidiq paste,2026-04-25,2026-04-25
clearly,tag,70,,chat-2026-04-25 vidiq paste,2026-04-25,2026-04-25
instrumental music relaxing,tag,70,,chat-2026-04-25 vidiq paste,2026-04-25,2026-04-25
relaxing instrumental music,tag,70,,chat-2026-04-25 vidiq paste,2026-04-25,2026-04-25
think clearly,problem,70,,chat-2026-04-25 vidiq paste,2026-04-25,2026-04-25
deep relaxation music,problem,68,Low,KEYWORD_DATA.md migration (Soothing Relaxation (12M,2026-04-25,2026-04-25
morning focus,problem,65,Low,KEYWORD_DATA.md migration (SleepTube,2026-04-25,2026-04-28
nervous system reset,problem,66,Medium,KEYWORD_DATA.md migration (Malte Marten,2026-04-25,2026-04-25
deep calm,problem,65,,chat-2026-04-25 vidiq paste,2026-04-25,2026-04-25
deep calm music,problem,65,,chat-2026-04-25 vidiq paste,2026-04-25,2026-04-25
meditation for anxiety,problem,65,Medium,KEYWORD_DATA.md migration (Priory (35.6K,2026-04-25,2026-04-25
digital detox,tag,64,Medium,KEYWORD_DATA.md migration (Bupa Health (115K,2026-04-25,2026-04-25
morning acoustic guitar,tag,64,Low,KEYWORD_DATA.md migration (dwaler,2026-04-25,2026-04-25
calming,tag,63,Medium,KEYWORD_DATA.md migration (Relaxing Calming Music (429K,2026-04-25,2026-04-25
deep rest music,problem,67,Low,KEYWORD_DATA.md migration (SleepTube (1.06M,2026-04-25,2026-04-28
overthinking music,problem,63,Low,KEYWORD_DATA.md migration (Deep Breath - Relaxing Music,2026-04-25,2026-04-25
unwind music,problem,63,Low,KEYWORD_DATA.md migration (Strumm Sound (2.01M,2026-04-25,2026-04-25
restless mind,tag,62,Low,KEYWORD_DATA.md migration (various,2026-04-25,2026-04-25
acoustic guitar sleep music,tag,61,Low,KEYWORD_DATA.md migration (Mindful Melodies,2026-04-25,2026-04-25
warm acoustic guitar,tag,61,Low,KEYWORD_DATA.md migration (Thomann's Guitars,2026-04-25,2026-04-25
adhd brain fog,problem,60,Low,KEYWORD_DATA.md migration (Psych2Go,2026-04-25,2026-04-25
deep meditation,problem,60,Medium,KEYWORD_DATA.md migration (The Honest Guys (1.28M,2026-04-25,2026-04-25
dopamine reset,problem,68,,config.py,2026-04-25,2026-04-28
emotional overwhelm,problem,,,config.py,2026-04-25,
heavy heart music,problem,,,config.py,2026-04-25,
racing thoughts music,problem,,,config.py,2026-04-25,
sunday anxiety,problem,,,config.py,2026-04-25,
vagus nerve music,problem,57,,session,2026-04-25,2026-05-03
yaman,raga,63,Low,KEYWORD_DATA.md migration (darbarfestival,2026-04-25,2026-04-25
bhupali,raga,57,Med,"chat-2026-04-25 vidiq paste (57 MED, usable for descriptor slot)",2026-04-25,2026-04-25
bhairavi,raga,,,config.py,2026-04-25,
bhimpalasi,raga,,,config.py,2026-04-25,
bilawal,raga,,,config.py,2026-04-25,
chandra,raga,,,config.py,2026-04-25,
darbari,raga,,,config.py,2026-04-25,
hamir,raga,,,config.py,2026-04-25,
kafi,raga,,,config.py,2026-04-25,
malkauns,raga,,,config.py,2026-04-25,
puriya,raga,,,config.py,2026-04-25,
todi,raga,,,config.py,2026-04-25,
432hz,hz,74,Low,config.py,2026-04-25,2026-04-25
40hz,hz,70,,KEYWORD_DATA.md migration,2026-04-25,2026-04-25
174hz,hz,62,,chat-2026-04-25 vidiq paste,2026-04-25,2026-04-25
528hz,hz,55,Med,config.py,2026-04-25,2026-04-25
639hz,hz,,,config.py,2026-04-25,
741hz,hz,,,config.py,2026-04-25,
963hz,hz,,,config.py,2026-04-25,
tanpura,instrument,74,,KEYWORD_DATA.md migration,2026-04-25,2026-04-25
sitar,instrument,72,Low,config.py,2026-04-25,2026-04-25
sarangi,instrument,67,Very Low,config.py,2026-04-25,2026-04-25
bansuri,instrument,66,Very Low,config.py,2026-04-25,2026-04-25
tabla,tag,65,Low,KEYWORD_DATA.md migration (Meditative Mind,2026-04-25,2026-04-25
dilruba,instrument,63,Low,config.py,2026-04-25,2026-04-25
esraj,instrument,,,config.py,2026-04-25,
santoor,instrument,,,config.py,2026-04-25,
sarod,instrument,,,config.py,2026-04-25,
veena,instrument,62,,manual-VidIQ-tag-paste,2026-04-25,2026-04-26
binaural,wave,71,,KEYWORD_DATA.md migration,2026-04-25,2026-04-25
delta,wave,64,Medium,KEYWORD_DATA.md migration (MeditationRelaxClub,2026-04-25,2026-04-25
theta,wave,61,,chat-2026-04-25 vidiq paste,2026-04-25,2026-04-25
alpha,wave,,,config.py,2026-04-25,
coding music,tag,83,,KEYWORD_DATA.md migration,2026-04-25,2026-04-25
lofi music,tag,83,,KEYWORD_DATA.md migration,2026-04-25,2026-04-25
focus music,tag,84,,KEYWORD_DATA.md migration,2026-04-25,2026-04-28
study music,tag,79,,KEYWORD_DATA.md migration,2026-04-25,2026-04-28
ambient music,tag,80,,manual-VidIQ-tag-paste,2026-04-25,2026-04-26
background music,tag,80,,KEYWORD_DATA.md migration,2026-04-25,2026-04-25
cozy music,tag,77,,KEYWORD_DATA.md migration,2026-04-25,2026-04-25
pomodoro music,tag,77,,KEYWORD_DATA.md migration,2026-04-25,2026-04-25
concentration music,tag,80,,KEYWORD_DATA.md migration,2026-04-25,2026-04-28
cottagecore music,tag,76,,KEYWORD_DATA.md migration,2026-04-25,2026-04-25
background music for work,tag,75,,KEYWORD_DATA.md migration,2026-04-25,2026-04-25
deep work music,tag,75,,KEYWORD_DATA.md migration,2026-04-25,2026-04-25
productivity music,tag,75,,KEYWORD_DATA.md migration,2026-04-25,2026-04-28
calm music,tag,74,,manual-VidIQ-tag-paste,2026-04-25,2026-04-26
acoustic guitar,tag,73,,KEYWORD_DATA.md migration,2026-04-25,2026-04-25
deep focus,tag,73,,KEYWORD_DATA.md migration,2026-04-25,2026-04-25
journaling music,tag,73,,KEYWORD_DATA.md migration,2026-04-25,2026-04-25
motivation music,tag,72,,KEYWORD_DATA.md migration,2026-04-25,2026-04-25
reading music,tag,72,,KEYWORD_DATA.md migration,2026-04-25,2026-04-25
relaxing music,tag,75,,manual-VidIQ-tag-paste,2026-04-25,2026-04-26
morning music,tag,77,,KEYWORD_DATA.md migration,2026-04-25,2026-04-28
night music,tag,71,,KEYWORD_DATA.md migration,2026-04-25,2026-04-25
1 hour focus music,tag,70,,KEYWORD_DATA.md migration,2026-04-25,2026-04-25
morning energy music,tag,70,,KEYWORD_DATA.md migration,2026-04-25,2026-04-25
chill acoustic,tag,69,,KEYWORD_DATA.md migration,2026-04-25,2026-04-25
coffee shop music,tag,69,,KEYWORD_DATA.md migration,2026-04-25,2026-04-25
focus music no lyrics,tag,69,,KEYWORD_DATA.md migration,2026-04-25,2026-04-25
rainy day music,tag,69,,KEYWORD_DATA.md migration,2026-04-25,2026-04-25
cabin music,tag,68,,KEYWORD_DATA.md migration,2026-04-25,2026-04-25
deep work,tag,68,,KEYWORD_DATA.md migration,2026-04-25,2026-04-25
energizing work music,tag,68,,KEYWORD_DATA.md migration,2026-04-25,2026-04-25
mellow music,tag,68,,KEYWORD_DATA.md migration,2026-04-25,2026-04-25
evening music,tag,67,,KEYWORD_DATA.md migration,2026-04-25,2026-04-25
fingerstyle guitar,tag,67,,KEYWORD_DATA.md migration,2026-04-25,2026-04-25
instrumental focus music,tag,67,,KEYWORD_DATA.md migration,2026-04-25,2026-04-25
music for writing,tag,67,,KEYWORD_DATA.md migration,2026-04-25,2026-04-25
work music no lyrics,tag,67,,KEYWORD_DATA.md migration,2026-04-25,2026-04-25
soft acoustic guitar,tag,66,,KEYWORD_DATA.md migration,2026-04-25,2026-04-25
soft instrumental music,tag,66,,KEYWORD_DATA.md migration,2026-04-25,2026-04-25
indian percussion,tag,65,,KEYWORD_DATA.md migration,2026-04-25,2026-04-25
mellow acoustic guitar,tag,65,,KEYWORD_DATA.md migration,2026-04-25,2026-04-25
snowy night music,tag,65,,KEYWORD_DATA.md migration,2026-04-25,2026-04-25
background music for reading,tag,64,,KEYWORD_DATA.md migration,2026-04-25,2026-04-25
chill instrumental,tag,64,,KEYWORD_DATA.md migration,2026-04-25,2026-04-25
flow state,tag,64,,KEYWORD_DATA.md migration,2026-04-25,2026-04-25
focus music instrumental,tag,64,,KEYWORD_DATA.md migration,2026-04-25,2026-04-25
gamma binaural beats,tag,64,,KEYWORD_DATA.md migration,2026-04-25,2026-04-25
slow living music,tag,64,,KEYWORD_DATA.md migration,2026-04-25,2026-04-25
cozy guitar,tag,63,,KEYWORD_DATA.md migration,2026-04-25,2026-04-25
fingerstyle instrumental,tag,63,,KEYWORD_DATA.md migration,2026-04-25,2026-04-25
gamma waves music,tag,63,,KEYWORD_DATA.md migration,2026-04-25,2026-04-25
cozy acoustic guitar,tag,62,,KEYWORD_DATA.md migration,2026-04-25,2026-04-25
acoustic guitar meditation,tag,61,,KEYWORD_DATA.md migration,2026-04-25,2026-04-25
indian rhythm,tag,61,,KEYWORD_DATA.md migration,2026-04-25,2026-04-25
instrumental music for reading,tag,61,,KEYWORD_DATA.md migration,2026-04-25,2026-04-25
morning focus music,tag,68,,KEYWORD_DATA.md migration,2026-04-25,2026-04-28
morning motivation music,tag,61,,KEYWORD_DATA.md migration,2026-04-25,2026-04-25
high energy study music,tag,60,,KEYWORD_DATA.md migration,2026-04-25,2026-04-25
morning productivity music,tag,60,,KEYWORD_DATA.md migration,2026-04-25,2026-04-25
7.83hz,hz,58,Medium,manual-VidIQ-paste,2026-04-26,2026-04-26
calm your mind,problem,68,Medium,manual-VidIQ-tag-paste,2026-04-26,2026-04-26
healing music,tag,75,,manual-VidIQ-tag-paste,2026-04-26,2026-04-26
feeling lost in life,problem,65,Medium,manual-VidIQ-tag-paste,2026-04-26,2026-04-28
lost in life,problem,61,Medium,manual-VidIQ-paste,2026-04-26,2026-04-26
calming music,tag,72,Medium,manual-VidIQ-tag-paste,2026-04-26,2026-04-26
schumann resonance,tag,61,Medium,manual-VidIQ-tag-paste,2026-04-26,2026-04-26
schumann resonance 7.83hz,tag,54,,manual-VidIQ-tag-paste,2026-04-26,2026-04-26
7.83hz frequency,tag,58,,manual-VidIQ-tag-paste,2026-04-26,2026-04-26
calming music for anxiety,tag,72,,manual-VidIQ-tag-paste,2026-04-26,2026-04-26
soothing,tag,67,,manual-VidIQ-tag-paste,2026-04-26,2026-04-26
relax music,tag,77,,manual-VidIQ-tag-paste,2026-04-26,2026-04-26
7.83hz schumann resonance,tag,54,,manual-VidIQ-tag-paste,2026-04-26,2026-04-26
7.83hz music,tag,58,,manual-VidIQ-tag-paste,2026-04-26,2026-04-26
veena music,tag,67,,manual-VidIQ-tag-paste,2026-04-26,2026-04-26
veena healing music,tag,67,,manual-VidIQ-tag-paste,2026-04-26,2026-04-26
veena instrumental,tag,62,,manual-VidIQ-tag-paste,2026-04-26,2026-04-26
indian classical music,tag,66,,manual-VidIQ-tag-paste,2026-04-26,2026-04-26
indian instrumental music,tag,67,,manual-VidIQ-tag-paste,2026-04-26,2026-04-26
instrumental music,tag,72,,manual-VidIQ-tag-paste,2026-04-26,2026-04-26
meditation music,tag,80,,manual-VidIQ-tag-paste,2026-04-26,2026-04-26
soothing music,tag,69,,manual-VidIQ-tag-paste,2026-04-26,2026-04-26
healing frequency music,tag,70,,manual-VidIQ-tag-paste,2026-04-26,2026-04-26
sound healing,tag,68,,manual-VidIQ-tag-paste,2026-04-26,2026-04-26
spiritual music,tag,69,,manual-VidIQ-tag-paste,2026-04-26,2026-04-26
deep relaxation,tag,61,,manual-VidIQ-tag-paste,2026-04-26,2026-04-26
peaceful music,tag,72,,manual-VidIQ-tag-paste,2026-04-26,2026-04-26
1 hour healing music,tag,58,,manual-VidIQ-tag-paste,2026-04-26,2026-04-26
raga focus,tag,66,,manual-VidIQ-tag-paste,2026-04-26,2026-04-26
grounding music,tag,57,,manual-VidIQ-tag-paste,2026-04-26,2026-04-26
emotional healing music,problem,60,,chat-2026-04-28 vidiq paste,2026-04-28,2026-04-28
burnout music,problem,65,,chat-2026-04-28 vidiq paste,2026-04-28,2026-04-28
release stress,problem,66,,chat-2026-04-28 vidiq paste,2026-04-28,2026-04-28
stress release music,problem,59,,chat-2026-04-28 vidiq paste,2026-04-28,2026-04-28
nostalgia music,problem,76,,chat-2026-04-28 vidiq paste,2026-04-28,2026-04-28
santoor & 528hz,tag,37,,chat-2026-04-28 vidiq paste,2026-04-28,2026-04-28
raga desh,raga,68,,chat-2026-04-28 vidiq paste,2026-04-28,2026-04-28
comfort music,problem,63,,chat-2026-04-28 vidiq paste,2026-04-28,2026-04-28
homesick music,problem,64,,chat-2026-04-28 vidiq paste,2026-04-28,2026-04-28
surbahar,instrument,64,,chat-2026-04-28 vidiq paste,2026-04-28,2026-04-28
unwind after work,problem,64,,chat-2026-04-28 vidiq paste,2026-04-28,2026-04-28
relax mind and body,problem,57,,chat-2026-04-28 vidiq paste,2026-04-28,2026-04-28
1hr detox,tag,25,,chat-2026-04-28 vidiq paste,2026-04-28,2026-04-28
tension relief music,problem,58,,chat-2026-04-28 vidiq paste,2026-04-28,2026-04-28
insomnia relief,problem,63,Medium,chat-2026-04-28 vidiq paste,2026-04-28,2026-04-28
indian classical sitar,tag,61,,chat-pasted,2026-04-28,2026-04-28
deep concentration,tag,66,,chat-pasted,2026-04-28,2026-04-28
can't focus,problem,50,,chat-pasted,2026-04-28,2026-04-28
deep focus music,tag,70,,chat-pasted,2026-04-28,2026-04-28
brain power music,tag,63,,chat-pasted,2026-04-28,2026-04-28
focus and concentration,tag,53,,chat-pasted,2026-04-28,2026-04-28
morning meditation,problem,66,,chat-pasted,2026-04-28,2026-04-28
wake up music,tag,63,,chat-pasted,2026-04-28,2026-04-28
morning routine music,tag,66,,chat-pasted,2026-04-28,2026-04-28
drift to sleep,problem,59,,chat-2026-05-02 vidiq paste,2026-05-02,2026-05-02
recovery music,problem,57,,chat-2026-05-02 vidiq paste,2026-05-02,2026-05-02
breathe and relax,problem,63,,chat-2026-05-02 vidiq paste,2026-05-02,2026-05-02
slow down music,problem,62,,chat-2026-05-02 vidiq paste,2026-05-02,2026-05-02
inner stillness,problem,59,,chat-2026-05-02 vidiq paste,2026-05-02,2026-05-02
serene music,problem,62,,chat-2026-05-02 vidiq paste,2026-05-02,2026-05-02
gentle music,problem,61,,chat-2026-05-02 vidiq paste,2026-05-02,2026-05-02
gentle healing music,problem,61,,chat-2026-05-02 vidiq paste,2026-05-02,2026-05-02
calming instrumental,problem,60,,chat-2026-05-02 vidiq paste,2026-05-02,2026-05-02
ease your mind,problem,59,,chat-2026-05-02 vidiq paste,2026-05-02,2026-05-02
clear your head music,problem,58,,chat-2026-05-02 vidiq paste,2026-05-02,2026-05-02
music for calm,problem,58,,chat-2026-05-02 vidiq paste,2026-05-02,2026-05-02
ambient calm music,problem,56,,chat-2026-05-02 vidiq paste,2026-05-02,2026-05-02
too much stress,problem,53,,chat-2026-05-02 vidiq paste,2026-05-02,2026-05-02
uplifting music,problem,66,,chat-2026-05-02 vidiq paste,2026-05-02,2026-05-02
positive vibes music,problem,72,,chat-2026-05-02 vidiq paste,2026-05-02,2026-05-02
feel good music,problem,70,,chat-2026-05-02 vidiq paste,2026-05-02,2026-05-02
reset your mind,problem,65,,chat-2026-05-02 vidiq paste,2026-05-02,2026-05-02
emotional release,problem,64,,chat-2026-05-02 vidiq paste,2026-05-02,2026-05-02
music to heal,problem,57,,chat-2026-05-02 vidiq paste,2026-05-02,2026-05-02
swarmandal,instrument,,,manual-add,2026-05-03,
bhairav,raga,,,competitor-scan-2026-05-03,,
worry relief music,problem,,,user-suggestion-2026-05-03,2026-05-03,
quiet thoughts music,problem,,,user-suggestion-2026-05-03,2026-05-03,
mind reset music,problem,,,user-suggestion-2026-05-03,2026-05-03,
mental peace,tag,,,user-suggestion-2026-05-03,2026-05-03,
inner peace music,tag,,,user-suggestion-2026-05-03,2026-05-03,
mind clarity music,tag,,,user-suggestion-2026-05-03,2026-05-03,
clear mind music,tag,,,user-suggestion-2026-05-03,2026-05-03,
silent mind music,tag,,,user-suggestion-2026-05-03,2026-05-03,
shanti music,tag,,,user-suggestion-2026-05-03,2026-05-03,
soul peace music,tag,,,user-suggestion-2026-05-03,2026-05-03,
divine peace music,tag,,,user-suggestion-2026-05-03,2026-05-03,
quiet your head music,problem,,,mind-alternative-cohort-2026-05-03,2026-05-03,
head noise music,problem,,,mind-alternative-cohort-2026-05-03,2026-05-03,
brain reset music,problem,,,mind-alternative-cohort-2026-05-03,2026-05-03,
quiet brain music,problem,,,mind-alternative-cohort-2026-05-03,2026-05-03,
calm your nerves music,problem,,,mind-alternative-cohort-2026-05-03,2026-05-03,
settle your nerves music,problem,,,mind-alternative-cohort-2026-05-03,2026-05-03,
quiet soul music,tag,,,mind-alternative-cohort-2026-05-03,2026-05-03,
heart peace music,tag,,,mind-alternative-cohort-2026-05-03,2026-05-03,
quiet heart music,tag,,,mind-alternative-cohort-2026-05-03,2026-05-03,
restless spirit music,problem,,,mind-alternative-cohort-2026-05-03,2026-05-03,
calm spirit music,tag,,,mind-alternative-cohort-2026-05-03,2026-05-03,
inner chatter music,problem,,,mind-alternative-cohort-2026-05-03,2026-05-03,
silence the chatter music,problem,,,mind-alternative-cohort-2026-05-03,2026-05-03,
quiet inner voice music,problem,,,mind-alternative-cohort-2026-05-03,2026-05-03,
quiet your world music,tag,,,mind-alternative-cohort-2026-05-03,2026-05-03,
relaxing sleep music,tag,73,,chat-pasted-2026-05-03,2026-05-03,2026-05-03
joyful music,tag,64,,chat-pasted-2026-05-03,2026-05-03,2026-05-03
peace of mind music,tag,61,,chat-pasted-2026-05-03,2026-05-03,2026-05-03
music before bed,problem,61,,chat-pasted-2026-05-03,2026-05-03,2026-05-03
soft sleep music,tag,60,,chat-pasted-2026-05-03,2026-05-03,2026-05-03
unlock creativity,problem,58,,chat-pasted-2026-05-03,2026-05-03,2026-05-03
emotional balance,problem,58,,chat-pasted-2026-05-03,2026-05-03,2026-05-03
slow sleep music,tag,57,,chat-pasted-2026-05-03,2026-05-03,2026-05-03
silence the noise,problem,55,,chat-pasted-2026-05-03,2026-05-03,2026-05-03
still your mind,problem,32,,chat-pasted-2026-05-03,2026-05-03,2026-05-03
sleep and relax music,tag,24,,chat-pasted-2026-05-03,2026-05-03,2026-05-03
cortisol,problem,65,,chat,2026-05-03,2026-05-03
calmness,problem,65,,chat-paste,2026-05-05,2026-05-05
brain fog relief,tag,58,,chat-pasted-2026-05-11,2026-05-11,2026-05-11
sharp focus music,tag,25,,chat-pasted-2026-05-11,2026-05-11,2026-05-11
mental clarity,tag,62,,chat-pasted-2026-05-11,2026-05-11,2026-05-11
mental reset,tag,63,,chat-pasted-2026-05-11,2026-05-11,2026-05-11
mind tired,tag,24,,chat-pasted-2026-05-11,2026-05-11,2026-05-11
cortisol reset,tag,61,,chat-pasted-2026-05-11,2026-05-11,2026-05-11
heart healing music,tag,56,,chat-pasted-2026-05-11,2026-05-11,2026-05-11
screen time reset,tag,32,,chat-pasted-2026-05-11,2026-05-11,2026-05-11
sun salutation music,tag,31,,chat-pasted-2026-05-11,2026-05-11,2026-05-11
sound healing music,tag,62,,chat-pasted-2026-05-11,2026-05-11,2026-05-11
remove negative energy,tag,62,,chat-pasted-2026-05-11,2026-05-11,2026-05-11
boost your aura,tag,62,,chat-pasted-2026-05-11,2026-05-11,2026-05-11
attract positive energy,tag,61,,chat-pasted-2026-05-11,2026-05-11,2026-05-11
healing energy,tag,62,,chat-pasted-2026-05-11,2026-05-11,2026-05-11
indian ragas for deep focus,tag,32,,chat-pasted-2026-05-11,2026-05-11,2026-05-11
panic relief music,tag,25,,chat-pasted-2026-05-11,2026-05-11,2026-05-11
brain fog music,tag,63,,chat-pasted-2026-05-11,2026-05-11,2026-05-11
mental clarity music,tag,65,,chat-pasted-2026-05-11,2026-05-11,2026-05-11
cognitive music,tag,56,,chat-pasted-2026-05-11,2026-05-11,2026-05-11
sarod music,tag,62,,chat-pasted-2026-05-11,2026-05-11,2026-05-11
sarod 40hz,tag,35,,chat-pasted-2026-05-11,2026-05-11,2026-05-11
40hz gamma,tag,66,,chat-pasted-2026-05-11,2026-05-11,2026-05-11
brain fog reset,tag,62,,chat-pasted-2026-05-11,2026-05-11,2026-05-11
mind fog music,tag,25,,chat-pasted-2026-05-11,2026-05-11,2026-05-11
