Suno Workspace,Prompt,,Video Title,Views,Suno Prompt
Jet lag recovery music,"Sarod glissando slides, metallic plucked attack, no sustained drone, sparse phrases with long silences, steel-on-chrome string texture, cold resonance, nocturnal stillness, 55 BPM, each note decays completely before the next, no tanpura, no tabla, wide stereo space, isolated string in empty room, slow circadian descent, fragmented melody, psychoacoustic depth, world music healing",,Sitar for Dopamine Reset | Indian Classical Music for Mindfulness,"764,609","Calming Indian classical sitar instrumental, Raga Bhimpalasi or Yaman Kalyan, slow meditative tempo 45–55 BPM, gentle tanpura drone throughout, sparse tabla at low volume, soft reverb, introspective and deeply peaceful mood, dopamine reset, inner stillness, no vocals, no humming, no human voice, no chanting, purely instrumental, warm analog tone, smooth melodic phrases with long sustain, no abrupt changes, continuous flowing composition"
Deep sleep music,"Raga Yaman bansuri flute, deep sleep, ambient Indian classical, tanpura drone, slow melodic descent, peaceful night raga, 60 BPM, delta wave undercurrent, long sustained notes, gentle ornaments (meend, gamak), no percussion, no rhythm, floating and meditative, warm low-frequency hum, seamless loop, instrumental only, solo bansuri with tanpura, evening to midnight mood, deeply calming, no abrupt changes",,Bansuri for Sound Sleep | Deep Sleep Music | 1 Hour,"56,854","Soft Indian sleep meditation with warm bansuri flute, gentle tanpura drone, light ambient textures, slow calming tempo, peaceful night atmosphere, deep relaxation mood, soothing melodic flow, subtle nature ambience, emotional and spiritual healing vibe, cinematic meditation production, smooth transitions, ideal for deep sleep, stress relief, yoga, meditation, and relaxation, Instrumental only, no vocals, ‑NO HUMAN VOICE"
Digital detox,"Indian classical, raga/khayal, ambient drone",,Morning Energy Music | Dilruba Raga Yaman | 1 Hour,"44,362","Instrumental only, no vocals, Indian classical santoor solo in raga Bilawal, bright morning energy mood, hammered dulcimer with characteristic bright percussive attack and warm resonant sustain, melodic phrases with natural lift and forward momentum, no percussion, no tabla, 432Hz tuning, 85-95 BPM, upbeat but calm — energetic without being frantic, expressive melodic development with clear ascending phrases, seamless ambient texture with consistent dynamics, suitable for extended looping in post-production, no abrupt entrances or fade-outs that would break a loop, Bright, positive, like the first hour of a perfect morning, ‑No vocals"
Veena raga meditation music,"Meditative Indian classical veena, slow raga phrases in Raga Yaman, 60 BPM, soft tanpura drone underneath, gentle reverb, warm and spacious, deep stillness, evening mood, sacred and ancient feeling, long sustains between notes, soft harmonic overtones, smooth seamless loop, ambient instrumental, healing and grounding, 432Hz tuning, no vocals, no humming, no singing, no voice, purely instrumental",,Deep Rest Music | Find Stillness with Surbahar | 1 Hour,"40,583","Indian classical instrumental, solo surbahar, slow meditative drone, warm and grounding, deep resonant string tones, tanpura drone underneath, raga bhairavi, very slow tempo, no percussion, no vocals, minimal melodic movement, long sustained notes, ambient, healing, deeply restful, 174Hz foundation tone, seamless loop-friendly, soft fade in, no abrupt changes, no humming, no human vocals"
Evening relaxation music,"Slow Indian classical evening raga, solo Bansuri flute over warm Tanpura drone, 432Hz tuning, meditative and deeply relaxing, no percussion, gentle ambient texture, soft reverb, long sustained notes with natural breath pauses, peaceful dusk mood, traditional yet timeless, smooth loop-friendly structure, 70 BPM, stereo, no sudden changes, no vocals, no humming, no human voice, no percussion",,Productive Day Music | Positive Morning Vibes | 1 Hour Bansuri Session,"35,904","Soft bansuri flute leading a calm Indian ambient composition with tanpura drone, light morning raga mood, slow tempo (60–70 BPM), airy and spacious texture, minimal percussion or none, smooth evolving phrases, gentle melodic repetition with subtle variation, warm natural tone, peaceful and positive energy, designed for focus, clarity, and productive mornings, no vocals, seamless flow, highly immersive and non-distracting, ‑no vocals, ‑no human voice"
Homesickness music,"Raga Desh santoor meditation, slow melodic phrases, nostalgic and longing mood, 528Hz tuned, soft tanpura drone foundation, sparse tabla accents, warm reverb, intimate and tender, raga phrases rise and fall like distant memories, deeply emotional yet peaceful, Indian classical instrumental, 60 BPM, no percussion bursts, seamless loop, healing and comforting atmosphere",,Sitar for Nervous System Healing | Indian Classical Music for Calmness | 1 Hour,"25,490","Slow, deeply calming Indian classical sitar meditation with tanpura drone, Designed to relax the nervous system, reduce anxiety, and create a safe, soothing atmosphere, No vocals, smooth transitions, long sustained notes, peaceful and meditative mood, ‑no human voice"
Comfort music,"Sarangi-led Indian classical ambient in Raga Bhairavi, slow tempo, deeply emotional, and soothing, Expressive bowed sarangi like a human voice, gentle tanpura drone, soft ambient pads, Tuned to 432Hz with a subtle 6Hz theta wave, Gradual progression, spacious, no percussion, calming, healing, introspective, ideal for relaxation, stress relief, evening meditation, STRICTLY no vocals, no humming, ‑no vocals",,Yoga Music | Positive Energy Frequency | 1 Hour,"17,395","Deeply calming Indian yoga meditation music with warm Sarangi melodies and soft Tabla rhythms, tuned for positive energy and inner balance, Slow spiritual flow, peaceful ambient textures, gentle drone layers, meditative atmosphere, healing frequency vibe, smooth transitions, relaxing and uplifting mood for yoga, mindfulness, stretching, meditation, and stress relief, Natural acoustic sound, cinematic serenity, no vocals, ‑NO HUMMING, ‑NO VOCALS"
Nervous system cooldown music,"Slow, deeply calming Indian classical sitar meditation with tanpura drone, Designed to relax the nervous system, reduce anxiety, and create a safe, soothing atmosphere, No vocals, smooth transitions, long sustained notes, peaceful and meditative mood, ‑no human voice",,Can't Fall Asleep | Raga Yaman Bansuri | Delta Wave Sleep Session | 1 Hour,"15,054","deep bansuri, bamboo flute lower octave, indian classical morning raga, raga bhairav, slow meend glides, liquid ornamentation, long breath notes, unhurried phrases, contemplative, warm tone, 528hz, no drums, no percussion, no tabla, sparse, meditative, peaceful sunrise, soft acoustic, ancient indian flute, healing frequency, no melody loop"
Nostalgic music,"Nostalgic healing instrumental with expressive sarangi lead, soft piano textures, and gentle ambient strings, Slow emotional melodies, warm cinematic atmosphere, deep reflective mood, subtle reverb, minimal percussion, smooth transitions, meditative and heart-touching flow, designed for late-night healing, emotional release, relaxation, and peaceful introspection, Pure instrumental, highly immersive, 1-hour calming vibe, ‑NO HUMAN VOICE",,Morning Motivation | Sitar Music Instrumental | 1.5 Hours,"11,832","Instrumental only, no vocals, Uplifting Indian instrumental for a peaceful and motivated morning, Warm sitar melodies with gentle tabla, tanpura drone, and subtle ambient pads, Calm yet inspiring flow, smooth transitions, meditative rhythm, positive sunrise energy, focus and mindfulness mood, Raga Bhupali raga-inspired composition with modern cinematic clarity, relaxing but emotionally uplifting, ideal for motivation, yoga, studying, meditation, and deep focus"
Anxiety relief music,"Slow, deeply calming Indian ambient meditation with soft bansuri flute and gentle tanpura drone only, Warm healing atmosphere for anxiety relief, emotional release, deep relaxation, stress reduction, mindfulness, and peaceful sleep, Very slow tempo, spacious pauses, cinematic spiritual mood, continuous flowing composition for long listening, ‑NO HUMAN VOICE",,3 Hour Bansuri Music for Relaxation | Indian Classical Music for Deep Sleep,"10,549","Deeply calming Indian ambient meditation music with soulful bansuri flute, soft tanpura drone, gentle Himalayan textures, warm ambient pads, slow healing rhythm, peaceful spiritual atmosphere, emotional yet minimal, perfect for deep rest, yoga, sleep, meditation, stress relief, and inner healing, Smooth flowing composition with natural flute improvisations, serene transitions, cinematic relaxation vibe, 432Hz style calming energy"
Tanpura sleep music,"Instrumental only, no vocals, Solo tanpura drone in raga Yaman, deep evening sleep mood, slow continuous drone with subtle harmonic shifts between tonic and fifth, no percussion, no tabla, no melodic lead instruments, 174Hz tuning, 55-60 BPM contemplative tempo, sustained drone-resolution texture with natural breathing pauses, cinematic meditation production, hypnotic and grounding, suitable for extended looping in post-production, begins immediately with the full drone already in motion, no fade-in, no silent intro, full sonic presence from first note, deeply settled, like a body finally surrendering to rest, ‑No vocals",,Sitar for Brain Detox | Clear Your Mind | 1.5 Hours of Indian Classical Music,"9,728","Deeply calming Indian classical instrumental with expressive sitar melodies, soft tanpura drone, gentle tabla textures, ambient healing atmosphere, slow meditative tempo, emotional ragas for mental clarity and stress relief, peaceful transitions, spiritual and cinematic soundscape, designed for deep focus, brain detox, relaxation, mindfulness, yoga, and late-night listening, Smooth evolving arrangement with no vocals"
Surbahar healing music,"Instrumental only, no vocals, Solo surbahar in raga Darbari Kanada, deep evening rest mood, slow contemplative tempo with sustained low resonant notes, no percussion, no tabla, no melodic lead instruments other than surbahar, 432Hz tuning, 65-70 BPM very slow tempo, deep meend slides and gamak ornamentation with long pauses, cinematic meditation production, deeply grounding, suitable for extended looping in post-production, begins immediately with surbahar already playing, no fade-in, no silent intro, full sonic presence from first note, deeply settled, like a body finally surrendering to rest, ‑No vocals",,Calm Music | Sitar for Cortisol Reset | 1.5 hours healing,"8,351","instrumental only, no vocal, Slow contemplative Indian classical sitar solo in raga Bhairavi, deep grounding morning healing mood, seven-string plucked instrument with characteristic meend glissando slides and subtle gamak ornamentation, sustained drone-resolving phrases with natural breathing pauses, no percussion, no tabla, no rhythmic instruments, 432Hz tuning, very slow tempo around 55-60 BPM, seamless ambient texture with consistent dynamics suitable for extended looping in post-production"
Sarod mental clarity music,"Instrumental only, no vocals, Indian classical sarod solo in raga Bilawal, bright clear focus mood, fretless plucked instrument with characteristic clean staccato articulation and bright plucked notes with subtle slide ornamentation, sustained drone-resolving phrases with natural breathing pauses, no percussion, no tabla, 432Hz tuning, 70-80 BPM, expressive melodic phrases with clear note movement and natural phrasing, cinematic meditation production, meditative but melodic, suitable for extended looping, begins immediately with first melodic phrase already in motion, no fade-in, no silent intro, full sonic presence from first note, deeply introspective, like breath held before release",,Joyful Music | Positive Vibes Music with Santoor | 1 Hour,"8,270","Bright and uplifting Indian instrumental with expressive santoor melodies, soft tabla grooves, warm tanpura drone, gentle flute textures, light acoustic percussion, and positive flowing rhythms. Joyful morning energy, peaceful yet motivational mood, smooth transitions, relaxing melodic variations, cinematic ambient background, ideal for focus, meditation, yoga, study, stress relief, and positive vibes. High-quality calming production, no vocals."
Restless mind music,"Instrumental only, no vocals, Create an uplifting yet calming Indian ambient instrumental in Chandra Raga featuring expressive Santoor as the lead instrument, Warm 210Hz healing resonance, gentle rhythmic pulse, soft tanpura drone, subtle tabla textures, and airy pads, Mood should feel emotionally soothing for overthinking minds while maintaining positive forward energy, Smooth transitions, cinematic depth, peaceful nighttime atmosphere, meditation and focus friendly",,Comfort Music | Healing Music with Sarangi | 1 Hour,"7,567","Sarangi-led Indian classical ambient in Raga Bhairavi, slow tempo, deeply emotional, and soothing, Expressive bowed sarangi like a human voice, gentle tanpura drone, soft ambient pads, Tuned to 432Hz with a subtle 6Hz theta wave, Gradual progression, spacious, no percussion, calming, healing, introspective, ideal for relaxation, stress relief, evening meditation, STRICTLY no vocals, no humming, ‑no vocals"
Brain detox music,"Deeply calming Indian classical instrumental with expressive sitar melodies, soft tanpura drone, gentle tabla textures, ambient healing atmosphere, slow meditative tempo, emotional ragas for mental clarity and stress relief, peaceful transitions, spiritual and cinematic soundscape, designed for deep focus, brain detox, relaxation, mindfulness, yoga, and late-night listening, Smooth evolving arrangement with no vocals",,Anxiety Relief Music | Clear Your Mind | 1 Hour Dilruba Session,"6,336","Meditative Indian ambient in Raga Yaman featuring expressive dilruba, tuned to 174Hz healing frequency with gentle alpha wave atmosphere, Slow tempo, soft tanpura drone, subtle harmonic textures, deep calming mood for anxiety relief, Evolving phrases, no repetition, smooth transitions, spacious soundscape, emotionally soothing and introspective"
Mental stillness music,"Deeply calming Indian instrumental meditation music led by expressive santoor melodies, soft tanpura drone, gentle swarmandal textures, subtle temple bells, warm ambient pads, and light rhythmic pulses, Slow evolving composition for mental stillness, inner peace, stress relief, meditation, yoga, focus, and deep relaxation, Minimal arrangement, spacious mix, emotionally soothing, cinematic spiritual atmosphere, natural transitions, no vocals, no flute, no bansuri",,Calm Your Mind | Veena Healing Music | 1 hour,"5,567","Meditative Indian classical veena, slow raga phrases in Raga Yaman, 60 BPM, soft tanpura drone underneath, gentle reverb, warm and spacious, deep stillness, evening mood, sacred and ancient feeling, long sustains between notes, soft harmonic overtones, smooth seamless loop, ambient instrumental, healing and grounding, 432Hz tuning, no vocals, no humming, no singing, no voice, purely instrumental"
Morning meditation music,"Instrument only, no vocals, Upbeat Indian morning meditation instrumental with warm tanpura drone, soft sitar plucks, gentle Santoor textures, light rhythmic tabla pulses, serene ambient pads, peaceful sunrise energy, calming yet uplifting mood, smooth evolving arrangement, spiritual yoga retreat atmosphere, relaxing meditation flow, natural transitions, deep focus and mindfulness vibe, high-quality cinematic production, no vocals, no bansuri, soothing and immersive soundscape",,Release Stress | Burnout Music | Santoor & 528Hz,"5,464","Deep therapeutic Surbahar meditation with ultra-slow evolving Indian drone textures, warm tanpura ambience, soft low-frequency resonance, gentle analog pads, sparse bamboo flute accents, subtle temple bell shimmer, calming nervous system atmosphere, restorative burnout recovery mood, spacious cinematic mix, minimal percussion, 60 BPM, deeply immersive and meditative, smooth continuous flow for 1 hour, healing ambient raga soundscape, no vocals, no chanting, no spoken words, ‑NO HUMAN VOICE"
Deep relaxation music,"Instrument only, no voclas, Warm and immersive Indian instrumental featuring deep Surbahar melodies, soft tanpura drone, subtle tabla grooves, gentle rhythmic pulse, meditative yet uplifting atmosphere, rich cinematic textures, smooth transitions, slow emotional build, serene midnight raga mood, calming but slightly upbeat energy for deep relaxation, focus, yoga, meditation, stress relief, and peaceful long listening sessions, No vocals, no bansuri",,,,
Morning reset music,"Instrumental only, no vocals, Bright morning Indian instrumental with expressive sarod lead, light tabla groove, warm tanpura drone, soft acoustic percussion, subtle ambient textures, uplifting and refreshing mood, steady flowing rhythm, gentle melodic variations, peaceful yet motivating energy for focus, morning reset, clear mind, calm productivity, cinematic spiritual atmosphere, clean mix, smooth transitions, no vocals, no bansuri, 90 BPM",,,,
Restless mind music,"Instrumental only, no vocals, Warm, uplifting Indian instrumental with expressive slow veena lead, gentle rhythmic percussion, soft tanpura drone, subtle sitar textures, deep ambient pads, relaxed mid-tempo groove, emotional yet calming energy, designed for mental reset, restless thoughts relief, late night focus, healing meditation, smooth transitions, cinematic spiritual atmosphere, rich analog warmth, evolving layers, no vocals, no bansuri, immersive long-form flow",,,,
Stress relief music,"Instrument only, no vocals, Energetic yet calming Indian instrumental featuring rich Santoor melodies, soft tabla grooves, tanpura drone, light sitar textures, gentle rhythmic percussion, uplifting classical fusion vibe, stress relief atmosphere, smooth melodic progressions, warm ambient layers, flowing transitions, positive and refreshing mood, relaxing but not sleepy, clean production, cinematic spiritual energy, perfect for focus, relaxation, yoga, meditation, and peaceful work sessions",,,,
Inner peace music,"Instrument only, no vocals, Uplifting Indian healing instrumental with expressive sarangi lead, soft sitar textures, gentle rhythmic tabla grooves, warm tanpura drone, subtle hand percussion, flowing melodic progressions, peaceful yet lightly energetic mood, spiritual sunrise atmosphere, emotional and calming transitions, meditation and focus friendly, rich ambient layers, cinematic healing vibe, smooth continuous flow, relaxing but not sleepy, high-quality spiritual world music",,,,
Positive morning music,"Instrumental only, no vocals, Bright and uplifting Indian instrumental with energetic sitar melodies, warm tanpura drone, light tabla grooves, soft acoustic percussion, gentle rhythmic strings, and subtle ambient textures, Positive sunrise mood, fresh morning energy, peaceful yet motivating flow, smooth transitions, clean melodic phrasing, relaxing spiritual atmosphere for focus, meditation, yoga, and mindful mornings, No vocals, no bansuri",,,,